{"data_time": 0.4639201930258423, "eta_seconds": 39255.6387106888, "fast_rcnn/cls_accuracy": 0.5069580078125, "fast_rcnn/false_negative": 0.4820229599751784, "fast_rcnn/fg_cls_accuracy": 0.0, "iteration": 19, "loss_box_reg": 0.04599234089255333, "loss_cls_ce": 3.145699381828308, "loss_cls_ic": 0.6698311269283295, "loss_cls_up": 0.0, "loss_rpn_cls": 0.6967807710170746, "loss_rpn_loc": 0.27403637766838074, "lr": 0.00038961999999999997, "roi_head/num_bg_samples": 489.46875, "roi_head/num_fg_samples": 22.53125, "rpn/num_neg_anchors": 202.75, "rpn/num_pos_anchors": 53.25, "time": 1.2275059008970857, "total_loss": 4.826844347640872}
{"data_time": 0.45394367701373994, "eta_seconds": 40535.32552991994, "fast_rcnn/cls_accuracy": 0.95709228515625, "fast_rcnn/false_negative": 1.0, "fast_rcnn/fg_cls_accuracy": 0.0, "iteration": 39, "loss_box_reg": 0.03814990445971489, "loss_cls_ce": 0.4529719352722168, "loss_cls_ic": 0.7611181437969208, "loss_cls_up": 0.0, "loss_rpn_cls": 0.5250088572502136, "loss_rpn_loc": 0.22947105765342712, "lr": 0.0007892200000000001, "roi_head/num_bg_samples": 490.03125, "roi_head/num_fg_samples": 21.96875, "rpn/num_neg_anchors": 204.59375, "rpn/num_pos_anchors": 51.40625, "time": 1.308817666489631, "total_loss": 1.990855927579105}
{"data_time": 0.43443443230353296, "eta_seconds": 40048.51714447606, "fast_rcnn/cls_accuracy": 0.94775390625, "fast_rcnn/false_negative": 1.0, "fast_rcnn/fg_cls_accuracy": 0.0, "iteration": 59, "loss_box_reg": 0.10504703596234322, "loss_cls_ce": 0.3773588687181473, "loss_cls_ic": 0.7430141270160675, "loss_cls_up": 0.0, "loss_rpn_cls": 0.3634043335914612, "loss_rpn_loc": 0.20119735598564148, "lr": 0.00118882, "roi_head/num_bg_samples": 485.25, "roi_head/num_fg_samples": 26.75, "rpn/num_neg_anchors": 202.90625, "rpn/num_pos_anchors": 53.09375, "time": 1.2372704548761249, "total_loss": 1.7976846620440483}
