{"data_time": 0.002769246696050308, "time": 0.06764193412219456}