{"lr": 0.00010721442885771539, "data_time": 0.0305450439453125, "loss": NaN, "loss_rpn_cls": NaN, "loss_rpn_bbox": NaN, "loss_cls": NaN, "acc": 5.0, "loss_bbox": NaN, "time": 0.47604254245758054, "epoch": 1, "iter": 50, "memory": 7541, "step": 50}
{"lr": 0.00020641282565130232, "data_time": 0.008740487098693848, "loss": NaN, "loss_rpn_cls": NaN, "loss_rpn_bbox": NaN, "loss_cls": NaN, "acc": 26.43678092956543, "loss_bbox": NaN, "time": 0.418689112663269, "epoch": 1, "iter": 100, "memory": 8908, "step": 100}
{"lr": 0.0003056112224448891, "data_time": 0.007581071853637695, "loss": NaN, "loss_rpn_cls": NaN, "loss_rpn_bbox": NaN, "loss_cls": NaN, "acc": 2.6785714626312256, "loss_bbox": NaN, "time": 0.4254911994934082, "epoch": 1, "iter": 150, "memory": 8406, "step": 150}
{"lr": 0.0004048096192384757, "data_time": 0.007649250030517578, "loss": NaN, "loss_rpn_cls": NaN, "loss_rpn_bbox": NaN, "loss_cls": NaN, "acc": 6.451612949371338, "loss_bbox": NaN, "time": 0.42420480251312254, "epoch": 1, "iter": 200, "memory": 9413, "step": 200}
{"lr": 0.0005040080160320624, "data_time": 0.007587919235229492, "loss": NaN, "loss_rpn_cls": NaN, "loss_rpn_bbox": NaN, "loss_cls": NaN, "acc": 8.333333015441895, "loss_bbox": NaN, "time": 0.4302779150009155, "epoch": 1, "iter": 250, "memory": 8343, "step": 250}
