{"data_time": 0.0052327386760473975, "time": 0.08463607073864601}