{"lr": 0.0009909819639278557, "data_time": 0.052338871955871585, "loss": 1.6367433512210845, "loss_rpn_cls": 0.6402799779176712, "loss_rpn_bbox": 0.08640483051538467, "loss_cls": 0.8649985826015473, "acc": 91.50390625, "loss_bbox": 0.04505995534569593, "time": 0.5539111948013306, "epoch": 1, "iter": 50, "memory": 9274, "step": 50}
{"lr": 0.0019919839679358718, "data_time": 0.008823132514953614, "loss": 0.9122031182050705, "loss_rpn_cls": 0.335361116528511, "loss_rpn_bbox": 0.08643444454297423, "loss_cls": 0.3917595809698105, "acc": 88.134765625, "loss_bbox": 0.09864797842688859, "time": 0.47714934349060056, "epoch": 1, "iter": 100, "memory": 8086, "step": 100}
{"lr": 0.002992985971943887, "data_time": 0.008334693908691406, "loss": 0.9092580890655517, "loss_rpn_cls": 0.2446835906803608, "loss_rpn_bbox": 0.08022390443831683, "loss_cls": 0.4282366238534451, "acc": 94.091796875, "loss_bbox": 0.1561139627546072, "time": 0.47965455532073975, "epoch": 1, "iter": 150, "memory": 8701, "step": 150}
{"lr": 0.003993987975951902, "data_time": 0.008408408164978027, "loss": 0.8350546795129776, "loss_rpn_cls": 0.18631369069218637, "loss_rpn_bbox": 0.06852911207824945, "loss_cls": 0.40932999074459075, "acc": 98.828125, "loss_bbox": 0.17088188990950584, "time": 0.48454468727111816, "epoch": 1, "iter": 200, "memory": 8197, "step": 200}
{"lr": 0.004994989979959916, "data_time": 0.008094196319580077, "loss": 0.9141194236278534, "loss_rpn_cls": 0.18550229981541633, "loss_rpn_bbox": 0.07629201513249427, "loss_cls": 0.43764410853385927, "acc": 88.134765625, "loss_bbox": 0.21468099407851696, "time": 0.4856432485580444, "epoch": 1, "iter": 250, "memory": 7990, "step": 250}
{"lr": 0.0059959919839679245, "data_time": 0.0072726249694824215, "loss": 0.8155164071917533, "loss_rpn_cls": 0.15499219797551633, "loss_rpn_bbox": 0.0807420296035707, "loss_cls": 0.3919575080275536, "acc": 86.328125, "loss_bbox": 0.18782467894256116, "time": 0.4972845935821533, "epoch": 1, "iter": 300, "memory": 7485, "step": 300}
{"lr": 0.00699699398797594, "data_time": 0.007592120170593262, "loss": 0.8766664618253708, "loss_rpn_cls": 0.13217756882309914, "loss_rpn_bbox": 0.07815583776682615, "loss_cls": 0.4345526701211929, "acc": 89.16015625, "loss_bbox": 0.23178038360551, "time": 0.511103229522705, "epoch": 1, "iter": 350, "memory": 7241, "step": 350}
{"lr": 0.007997995991983954, "data_time": 0.007389202117919922, "loss": 0.8664977866411209, "loss_rpn_cls": 0.1299140816926956, "loss_rpn_bbox": 0.07786384299397468, "loss_cls": 0.4293182349205017, "acc": 95.8984375, "loss_bbox": 0.22940162137150766, "time": 0.5157644081115723, "epoch": 1, "iter": 400, "memory": 8165, "step": 400}
{"lr": 0.00899899799599197, "data_time": 0.007966084480285645, "loss": 0.8046164828538894, "loss_rpn_cls": 0.10724503580480814, "loss_rpn_bbox": 0.0688715491257608, "loss_cls": 0.40443392723798754, "acc": 97.021484375, "loss_bbox": 0.22406597167253495, "time": 0.5165664339065552, "epoch": 1, "iter": 450, "memory": 6855, "step": 450}
{"lr": 0.009999999999999976, "data_time": 0.007788605690002441, "loss": 0.849593134522438, "loss_rpn_cls": 0.10917617585510016, "loss_rpn_bbox": 0.07989390786737204, "loss_cls": 0.43878318250179293, "acc": 86.9140625, "loss_bbox": 0.22173986941576004, "time": 0.5184682703018189, "epoch": 1, "iter": 500, "memory": 7344, "step": 500}
{"lr": 0.009999999999999976, "data_time": 0.007753887176513672, "loss": 0.7793895980715752, "loss_rpn_cls": 0.12156723719090223, "loss_rpn_bbox": 0.07300439843907952, "loss_cls": 0.38348505362868307, "acc": 90.576171875, "loss_bbox": 0.20133291341364384, "time": 0.5250282096862793, "epoch": 1, "iter": 550, "memory": 7607, "step": 550}
{"lr": 0.009999999999999976, "data_time": 0.007926125526428223, "loss": 0.7653736633062362, "loss_rpn_cls": 0.09525615192949771, "loss_rpn_bbox": 0.060219875299371776, "loss_cls": 0.41006759405136106, "acc": 81.494140625, "loss_bbox": 0.19983003921806813, "time": 0.525296664237976, "epoch": 1, "iter": 600, "memory": 7487, "step": 600}
{"lr": 0.009999999999999976, "data_time": 0.007990918159484862, "loss": 0.721467661857605, "loss_rpn_cls": 0.10432762920856475, "loss_rpn_bbox": 0.05670135978609323, "loss_cls": 0.35533390402793885, "acc": 92.3828125, "loss_bbox": 0.2051047658920288, "time": 0.5265241384506225, "epoch": 1, "iter": 650, "memory": 8291, "step": 650}
{"lr": 0.009999999999999976, "data_time": 0.00775728702545166, "loss": 0.7434881162643433, "loss_rpn_cls": 0.10461459562182426, "loss_rpn_bbox": 0.06449006294831633, "loss_cls": 0.3733690674602985, "acc": 88.671875, "loss_bbox": 0.20101438589394094, "time": 0.525134162902832, "epoch": 1, "iter": 700, "memory": 9321, "step": 700}
{"lr": 0.009999999999999976, "data_time": 0.007136445045471191, "loss": 0.6963636919856071, "loss_rpn_cls": 0.09116261046379805, "loss_rpn_bbox": 0.06172788295894861, "loss_cls": 0.3611073353886604, "acc": 89.94140625, "loss_bbox": 0.18236587062478066, "time": 0.5255835247039795, "epoch": 1, "iter": 750, "memory": 10480, "step": 750}
{"lr": 0.009999999999999976, "data_time": 0.008281068801879883, "loss": 0.6551368921995163, "loss_rpn_cls": 0.08047394271939994, "loss_rpn_bbox": 0.05350264142267406, "loss_cls": 0.3380958572030067, "acc": 86.71875, "loss_bbox": 0.1830644553899765, "time": 0.5253586149215699, "epoch": 1, "iter": 800, "memory": 7050, "step": 800}
{"lr": 0.009999999999999976, "data_time": 0.007652125358581543, "loss": 0.6740727955102921, "loss_rpn_cls": 0.08829723186790943, "loss_rpn_bbox": 0.05451672242954373, "loss_cls": 0.3447244644165039, "acc": 92.28515625, "loss_bbox": 0.1865343727171421, "time": 0.5246047735214233, "epoch": 1, "iter": 850, "memory": 7475, "step": 850}
{"lr": 0.009999999999999976, "data_time": 0.007510414123535156, "loss": 0.6280989581346512, "loss_rpn_cls": 0.08011990670114756, "loss_rpn_bbox": 0.05323924269527197, "loss_cls": 0.31209940820932386, "acc": 92.138671875, "loss_bbox": 0.18264039874076843, "time": 0.5278955554962158, "epoch": 1, "iter": 900, "memory": 7058, "step": 900}
{"lr": 0.009999999999999976, "data_time": 0.007780122756958008, "loss": 0.5877092185616494, "loss_rpn_cls": 0.06876367416232824, "loss_rpn_bbox": 0.050158686218783256, "loss_cls": 0.2873924136161804, "acc": 95.556640625, "loss_bbox": 0.1813944423943758, "time": 0.5237014961242675, "epoch": 1, "iter": 950, "memory": 7178, "step": 950}
{"lr": 0.009999999999999976, "data_time": 0.00756009578704834, "loss": 0.6422079509496689, "loss_rpn_cls": 0.0863929284736514, "loss_rpn_bbox": 0.057320523504167796, "loss_cls": 0.3242318454384804, "acc": 96.58203125, "loss_bbox": 0.17426265567541122, "time": 0.5338349866867066, "epoch": 1, "iter": 1000, "memory": 10055, "step": 1000}
{"lr": 0.009999999999999976, "data_time": 0.00744509220123291, "loss": 0.6151168438792228, "loss_rpn_cls": 0.06208172388374805, "loss_rpn_bbox": 0.0581319322437048, "loss_cls": 0.31606738358736036, "acc": 90.8203125, "loss_bbox": 0.17883580558001996, "time": 0.5265330266952515, "epoch": 1, "iter": 1050, "memory": 8059, "step": 1050}
