{"data_time": 0.003088898422380657, "time": 0.15417874800270862}