{"lr": 0.00010721442885771539, "data_time": 0.032750720977783206, "loss": NaN, "loss_rpn_cls": NaN, "loss_rpn_bbox": NaN, "loss_cls": NaN, "acc": 0.0, "loss_bbox": NaN, "time": 0.48848599910736085, "epoch": 1, "iter": 50, "memory": 8308, "step": 50}
{"lr": 0.00020641282565130232, "data_time": 0.009648966789245605, "loss": NaN, "loss_rpn_cls": NaN, "loss_rpn_bbox": NaN, "loss_cls": NaN, "acc": 3.0534350872039795, "loss_bbox": NaN, "time": 0.4233791589736938, "epoch": 1, "iter": 100, "memory": 6857, "step": 100}
{"lr": 0.0003056112224448891, "data_time": 0.011178832054138183, "loss": NaN, "loss_rpn_cls": NaN, "loss_rpn_bbox": NaN, "loss_cls": NaN, "acc": 6.666666507720947, "loss_bbox": NaN, "time": 0.4317058515548706, "epoch": 1, "iter": 150, "memory": 6924, "step": 150}
{"lr": 0.0004048096192384757, "data_time": 0.009985718727111816, "loss": NaN, "loss_rpn_cls": NaN, "loss_rpn_bbox": NaN, "loss_cls": NaN, "acc": 0.0, "loss_bbox": NaN, "time": 0.4228440952301025, "epoch": 1, "iter": 200, "memory": 7720, "step": 200}
{"lr": 0.0005040080160320624, "data_time": 0.011281099319458008, "loss": NaN, "loss_rpn_cls": NaN, "loss_rpn_bbox": NaN, "loss_cls": NaN, "acc": 20.0, "loss_bbox": NaN, "time": 0.42709358215332033, "epoch": 1, "iter": 250, "memory": 7585, "step": 250}
{"lr": 0.0006032064128256492, "data_time": 0.010559835433959962, "loss": NaN, "loss_rpn_cls": NaN, "loss_rpn_bbox": NaN, "loss_cls": NaN, "acc": 14.40000057220459, "loss_bbox": NaN, "time": 0.4318426704406738, "epoch": 1, "iter": 300, "memory": 7897, "step": 300}
{"lr": 0.0007024048096192353, "data_time": 0.010020718574523926, "loss": NaN, "loss_rpn_cls": NaN, "loss_rpn_bbox": NaN, "loss_cls": NaN, "acc": 14.285714149475098, "loss_bbox": NaN, "time": 0.4385556173324585, "epoch": 1, "iter": 350, "memory": 7700, "step": 350}
{"lr": 0.0008016032064128225, "data_time": 0.009797000885009765, "loss": NaN, "loss_rpn_cls": NaN, "loss_rpn_bbox": NaN, "loss_cls": NaN, "acc": 0.0, "loss_bbox": NaN, "time": 0.4441962480545044, "epoch": 1, "iter": 400, "memory": 6857, "step": 400}
{"lr": 0.0009008016032064089, "data_time": 0.007783489227294922, "loss": NaN, "loss_rpn_cls": NaN, "loss_rpn_bbox": NaN, "loss_cls": NaN, "acc": 7.857142925262451, "loss_bbox": NaN, "time": 0.4492187786102295, "epoch": 1, "iter": 450, "memory": 8089, "step": 450}
{"lr": 0.0009999999999999955, "data_time": 0.008674998283386231, "loss": NaN, "loss_rpn_cls": NaN, "loss_rpn_bbox": NaN, "loss_cls": NaN, "acc": 0.0, "loss_bbox": NaN, "time": 0.45586069107055666, "epoch": 1, "iter": 500, "memory": 10607, "step": 500}
{"lr": 0.0009999999999999955, "data_time": 0.008691725730895996, "loss": NaN, "loss_rpn_cls": NaN, "loss_rpn_bbox": NaN, "loss_cls": NaN, "acc": 0.0, "loss_bbox": NaN, "time": 0.4573707723617554, "epoch": 1, "iter": 550, "memory": 7380, "step": 550}
{"lr": 0.0009999999999999955, "data_time": 0.008085289001464845, "loss": NaN, "loss_rpn_cls": NaN, "loss_rpn_bbox": NaN, "loss_cls": NaN, "acc": 7.142857074737549, "loss_bbox": NaN, "time": 0.45867892265319826, "epoch": 1, "iter": 600, "memory": 7908, "step": 600}
{"lr": 0.0009999999999999955, "data_time": 0.008021817207336426, "loss": NaN, "loss_rpn_cls": NaN, "loss_rpn_bbox": NaN, "loss_cls": NaN, "acc": 0.0, "loss_bbox": NaN, "time": 0.46386627197265623, "epoch": 1, "iter": 650, "memory": 7194, "step": 650}
{"lr": 0.0009999999999999955, "data_time": 0.00848836898803711, "loss": NaN, "loss_rpn_cls": NaN, "loss_rpn_bbox": NaN, "loss_cls": NaN, "acc": 56.25, "loss_bbox": NaN, "time": 0.4611064863204956, "epoch": 1, "iter": 700, "memory": 7554, "step": 700}
{"lr": 0.0009999999999999955, "data_time": 0.007855105400085449, "loss": NaN, "loss_rpn_cls": NaN, "loss_rpn_bbox": NaN, "loss_cls": NaN, "acc": 20.0, "loss_bbox": NaN, "time": 0.4589378881454468, "epoch": 1, "iter": 750, "memory": 7218, "step": 750}
{"lr": 0.0009999999999999955, "data_time": 0.007828259468078613, "loss": NaN, "loss_rpn_cls": NaN, "loss_rpn_bbox": NaN, "loss_cls": NaN, "acc": 9.174311637878418, "loss_bbox": NaN, "time": 0.46120640754699704, "epoch": 1, "iter": 800, "memory": 7432, "step": 800}
{"lr": 0.0009999999999999955, "data_time": 0.007736291885375977, "loss": NaN, "loss_rpn_cls": NaN, "loss_rpn_bbox": NaN, "loss_cls": NaN, "acc": 0.0, "loss_bbox": NaN, "time": 0.4647823333740234, "epoch": 1, "iter": 850, "memory": 7722, "step": 850}
{"lr": 0.0009999999999999955, "data_time": 0.009348983764648438, "loss": NaN, "loss_rpn_cls": NaN, "loss_rpn_bbox": NaN, "loss_cls": NaN, "acc": 0.0, "loss_bbox": NaN, "time": 0.46690410137176513, "epoch": 1, "iter": 900, "memory": 8447, "step": 900}
{"lr": 0.0009999999999999955, "data_time": 0.008582406044006348, "loss": NaN, "loss_rpn_cls": NaN, "loss_rpn_bbox": NaN, "loss_cls": NaN, "acc": 8.256880760192871, "loss_bbox": NaN, "time": 0.4629566240310669, "epoch": 1, "iter": 950, "memory": 8431, "step": 950}
{"lr": 0.0009999999999999955, "data_time": 0.00821725845336914, "loss": NaN, "loss_rpn_cls": NaN, "loss_rpn_bbox": NaN, "loss_cls": NaN, "acc": 0.0, "loss_bbox": NaN, "time": 0.46530651569366455, "epoch": 1, "iter": 1000, "memory": 7577, "step": 1000}
{"lr": 0.0009999999999999955, "data_time": 0.0072241401672363285, "loss": NaN, "loss_rpn_cls": NaN, "loss_rpn_bbox": NaN, "loss_cls": NaN, "acc": 0.0, "loss_bbox": NaN, "time": 0.4606806945800781, "epoch": 1, "iter": 1050, "memory": 8310, "step": 1050}
{"lr": 0.0009999999999999955, "data_time": 0.007682886123657227, "loss": NaN, "loss_rpn_cls": NaN, "loss_rpn_bbox": NaN, "loss_cls": NaN, "acc": 4.918032646179199, "loss_bbox": NaN, "time": 0.4640808629989624, "epoch": 1, "iter": 1100, "memory": 7334, "step": 1100}
{"lr": 0.0009999999999999955, "data_time": 0.007602195739746093, "loss": NaN, "loss_rpn_cls": NaN, "loss_rpn_bbox": NaN, "loss_cls": NaN, "acc": 0.0, "loss_bbox": NaN, "time": 0.4644473600387573, "epoch": 1, "iter": 1150, "memory": 7572, "step": 1150}
{"lr": 0.0009999999999999955, "data_time": 0.008057618141174316, "loss": NaN, "loss_rpn_cls": NaN, "loss_rpn_bbox": NaN, "loss_cls": NaN, "acc": 0.0, "loss_bbox": NaN, "time": 0.46526015281677247, "epoch": 1, "iter": 1200, "memory": 8537, "step": 1200}
{"lr": 0.0009999999999999955, "data_time": 0.00820070743560791, "loss": NaN, "loss_rpn_cls": NaN, "loss_rpn_bbox": NaN, "loss_cls": NaN, "acc": 0.0, "loss_bbox": NaN, "time": 0.4618514585494995, "epoch": 1, "iter": 1250, "memory": 9267, "step": 1250}
{"lr": 0.0009999999999999955, "data_time": 0.0076643085479736325, "loss": NaN, "loss_rpn_cls": NaN, "loss_rpn_bbox": NaN, "loss_cls": NaN, "acc": 6.25, "loss_bbox": NaN, "time": 0.4611021423339844, "epoch": 1, "iter": 1300, "memory": 7191, "step": 1300}
{"lr": 0.0009999999999999955, "data_time": 0.007945237159729003, "loss": NaN, "loss_rpn_cls": NaN, "loss_rpn_bbox": NaN, "loss_cls": NaN, "acc": 0.0, "loss_bbox": NaN, "time": 0.45687007904052734, "epoch": 1, "iter": 1350, "memory": 7088, "step": 1350}
{"lr": 0.0009999999999999955, "data_time": 0.00779914379119873, "loss": NaN, "loss_rpn_cls": NaN, "loss_rpn_bbox": NaN, "loss_cls": NaN, "acc": 0.0, "loss_bbox": NaN, "time": 0.45784520626068115, "epoch": 1, "iter": 1400, "memory": 8466, "step": 1400}
{"lr": 0.0009999999999999955, "data_time": 0.0073866605758666996, "loss": NaN, "loss_rpn_cls": NaN, "loss_rpn_bbox": NaN, "loss_cls": NaN, "acc": 14.285714149475098, "loss_bbox": NaN, "time": 0.45946321487426756, "epoch": 1, "iter": 1450, "memory": 7137, "step": 1450}
{"lr": 0.0009999999999999955, "data_time": 0.008261022567749023, "loss": NaN, "loss_rpn_cls": NaN, "loss_rpn_bbox": NaN, "loss_cls": NaN, "acc": 1.7543859481811523, "loss_bbox": NaN, "time": 0.4624092960357666, "epoch": 1, "iter": 1500, "memory": 10312, "step": 1500}
{"lr": 0.0009999999999999955, "data_time": 0.007572875022888183, "loss": NaN, "loss_rpn_cls": NaN, "loss_rpn_bbox": NaN, "loss_cls": NaN, "acc": 0.0, "loss_bbox": NaN, "time": 0.4625426959991455, "epoch": 1, "iter": 1550, "memory": 8496, "step": 1550}
{"lr": 0.0009999999999999955,