{"data_time": 0.002806700553566556, "time": 0.07326089535835299}