{"lr": 0.0009909819639278557, "data_time": 0.045639057159423825, "loss": 1.5528333604335784, "loss_rpn_cls": 0.6237787276506424, "loss_rpn_bbox": 0.07597305110655725, "loss_cls": 0.8095040667057037, "acc": 91.845703125, "loss_bbox": 0.04357751428247866, "time": 0.5458847522735596, "epoch": 1, "iter": 50, "memory": 7161, "step": 50}
{"lr": 0.0019919839679358718, "data_time": 0.010993022918701172, "loss": 0.8850708246231079, "loss_rpn_cls": 0.31818998157978057, "loss_rpn_bbox": 0.07709650576114654, "loss_cls": 0.3808099240064621, "acc": 92.578125, "loss_bbox": 0.10897442447751018, "time": 0.4789933204650879, "epoch": 1, "iter": 100, "memory": 8189, "step": 100}
{"lr": 0.002992985971943887, "data_time": 0.011579694747924805, "loss": 0.8892509451508522, "loss_rpn_cls": 0.24639949887990953, "loss_rpn_bbox": 0.07601610852405428, "loss_cls": 0.4117132529616356, "acc": 93.994140625, "loss_bbox": 0.155122089702636, "time": 0.48044748783111574, "epoch": 1, "iter": 150, "memory": 7637, "step": 150}
{"lr": 0.003993987975951902, "data_time": 0.010386319160461425, "loss": 0.9249222964048386, "loss_rpn_cls": 0.21295124366879464, "loss_rpn_bbox": 0.08272279342636465, "loss_cls": 0.4584179911017418, "acc": 91.845703125, "loss_bbox": 0.1708302711509168, "time": 0.48177279472351076, "epoch": 1, "iter": 200, "memory": 8413, "step": 200}
{"lr": 0.004994989979959916, "data_time": 0.011125597953796387, "loss": 0.8730690574645996, "loss_rpn_cls": 0.1702039224654436, "loss_rpn_bbox": 0.0639918559230864, "loss_cls": 0.4360407069325447, "acc": 86.1328125, "loss_bbox": 0.20283256731927396, "time": 0.486700644493103, "epoch": 1, "iter": 250, "memory": 8364, "step": 250}
{"lr": 0.0059959919839679245, "data_time": 0.010781278610229492, "loss": 0.947892953157425, "loss_rpn_cls": 0.16132045798003675, "loss_rpn_bbox": 0.08416493322700262, "loss_cls": 0.46194020509719846, "acc": 87.060546875, "loss_bbox": 0.240467362254858, "time": 0.5010685300827027, "epoch": 1, "iter": 300, "memory": 6936, "step": 300}
{"lr": 0.00699699398797594, "data_time": 0.010933837890625, "loss": 0.9511203619837761, "loss_rpn_cls": 0.13669948980212213, "loss_rpn_bbox": 0.0818764787632972, "loss_cls": 0.4838410061597824, "acc": 84.814453125, "loss_bbox": 0.2487033847719431, "time": 0.5148827314376831, "epoch": 1, "iter": 350, "memory": 7899, "step": 350}
{"lr": 0.007997995991983954, "data_time": 0.010743727684020996, "loss": 0.8860608386993408, "loss_rpn_cls": 0.11783790841698646, "loss_rpn_bbox": 0.07326860100030899, "loss_cls": 0.4547750821709633, "acc": 97.75390625, "loss_bbox": 0.24017924731597304, "time": 0.524777603149414, "epoch": 1, "iter": 400, "memory": 9157, "step": 400}
{"lr": 0.00899899799599197, "data_time": 0.010636038780212402, "loss": 0.7989200001955032, "loss_rpn_cls": 0.12711416132748127, "loss_rpn_bbox": 0.0658338113501668, "loss_cls": 0.39008379489183426, "acc": 91.2109375, "loss_bbox": 0.21588822700083254, "time": 0.5244709396362305, "epoch": 1, "iter": 450, "memory": 9025, "step": 450}
{"lr": 0.009999999999999976, "data_time": 0.010609464645385742, "loss": 0.8034413558244705, "loss_rpn_cls": 0.10805087070912123, "loss_rpn_bbox": 0.06604146298021078, "loss_cls": 0.4094176398217678, "acc": 84.814453125, "loss_bbox": 0.2199313796311617, "time": 0.5252229022979736, "epoch": 1, "iter": 500, "memory": 6853, "step": 500}
{"lr": 0.009999999999999976, "data_time": 0.011371722221374512, "loss": 0.8100464969873429, "loss_rpn_cls": 0.13234462209045886, "loss_rpn_bbox": 0.07955178387463092, "loss_cls": 0.3959606683254242, "acc": 93.1640625, "loss_bbox": 0.20218942195177078, "time": 0.5274359846115112, "epoch": 1, "iter": 550, "memory": 6853, "step": 550}
