{"coco/bbox_mAP": -1.0, "coco/bbox_mAP_50": -1.0, "coco/bbox_mAP_75": -1.0, "coco/bbox_mAP_s": -1.0, "coco/bbox_mAP_m": -1.0, "coco/bbox_mAP_l": -1.0, "data_time": 0.00478261978267732, "time": 0.12097560966552971}