{"data_time": 0.4745062510482967, "eta_seconds": 40414.40614826046, "fast_rcnn/cls_accuracy": 0.951904296875, "fast_rcnn/false_negative": 1.0, "fast_rcnn/fg_cls_accuracy": 0.0, "iteration": 19, "loss_box_reg": 0.05090389586985111, "loss_cls_ce": 0.5868221819400787, "loss_cls_ic": 0.733899712562561, "loss_cls_up": 0.0, "loss_rpn_cls": 0.6019869446754456, "loss_rpn_loc": 0.2577099949121475, "lr": 0.0038962, "roi_head/num_bg_samples": 488.8125, "roi_head/num_fg_samples": 23.1875, "rpn/num_neg_anchors": 205.25, "rpn/num_pos_anchors": 50.75, "time": 1.2637400296516716, "total_loss": 2.1608731132000685}
{"data_time": 0.44386908947490156, "eta_seconds": 39246.45542741753, "fast_rcnn/cls_accuracy": 0.9503173828125, "fast_rcnn/false_negative": 1.0, "fast_rcnn/fg_cls_accuracy": 0.0, "iteration": 39, "loss_box_reg": 0.11796431988477707, "loss_cls_ce": 0.3449566066265106, "loss_cls_ic": 0.7411262392997742, "loss_cls_up": 0.0, "loss_rpn_cls": 0.31564225256443024, "loss_rpn_loc": 0.22258900105953217, "lr": 0.0078922, "roi_head/num_bg_samples": 486.5625, "roi_head/num_fg_samples": 25.4375, "rpn/num_neg_anchors": 206.75, "rpn/num_pos_anchors": 49.25, "time": 1.2204806071240455, "total_loss": 1.7439438626170158}
{"data_time": 0.4631332589779049, "eta_seconds": 39226.734584178776, "fast_rcnn/cls_accuracy": 0.93963623046875, "fast_rcnn/false_negative": 1.0, "fast_rcnn/fg_cls_accuracy": 0.0, "iteration": 59, "loss_box_reg": 0.14010270684957504, "loss_cls_ce": 0.31067797541618347, "loss_cls_ic": 0.7391024231910706, "loss_cls_up": 0.0, "loss_rpn_cls": 0.25889725983142853, "loss_rpn_loc": 0.23091275244951248, "lr": 0.0118882, "roi_head/num_bg_samples": 481.09375, "roi_head/num_fg_samples": 30.90625, "rpn/num_neg_anchors": 201.25, "rpn/num_pos_anchors": 54.75, "time": 1.2296962968539447, "total_loss": 1.699441060423851}
{"data_time": 0.4409336899407208, "eta_seconds": 39023.901223652065, "fast_rcnn/cls_accuracy": 0.9293212890625, "fast_rcnn/false_negative": 1.0, "fast_rcnn/fg_cls_accuracy": 0.0, "iteration": 79, "loss_box_reg": 0.1816330850124359, "loss_cls_ce": 0.349201962351799, "loss_cls_ic": 0.7351256012916565, "loss_cls_up": 0.0, "loss_rpn_cls": 0.24538040906190872, "loss_rpn_loc": 0.20722875744104385, "lr": 0.0158842, "roi_head/num_bg_samples": 475.8125, "roi_head/num_fg_samples": 36.1875, "rpn/num_neg_anchors": 202.3125, "rpn/num_pos_anchors": 53.6875, "time": 1.1885430489201099, "total_loss": 1.7227174639701843}
{"data_time": 0.4377642651088536, "eta_seconds": 38944.526985893026, "fast_rcnn/cls_accuracy": 0.92962646484375, "fast_rcnn/false_negative": 1.0, "fast_rcnn/fg_cls_accuracy": 0.0, "iteration": 99, "loss_box_reg": 0.1622142344713211, "loss_cls_ce": 0.3614334315061569, "loss_cls_ic": 0.7344658970832825, "loss_cls_up": 0.0, "loss_rpn_cls": 0.2440853789448738, "loss_rpn_loc": 0.20461455732584, "lr": 0.0198802, "roi_head/num_bg_samples": 479.71875, "roi_head/num_fg_samples": 32.28125, "rpn/num_neg_anchors": 206.25, "rpn/num_pos_anchors": 49.75, "time": 1.2115490199066699, "total_loss": 1.7505315765738487}
{"data_time": 0.4373187602031976, "eta_seconds": 38951.73648319207, "fast_rcnn/cls_accuracy": 0.93212890625, "fast_rcnn/false_negative": 1.0, "fast_rcnn/fg_cls_accuracy": 0.0, "iteration": 119, "loss_box_reg": 0.2060929387807846, "loss_cls_ce": 0.463576540350914, "loss_cls_ic": 0.740392416715622, "loss_cls_up": 0.0559086948633194, "loss_rpn_cls": 0.23058226704597473, "loss_rpn_loc": 0.20160269737243652, "lr": 0.0238762, "roi_head/num_bg_samples": 477.25, "roi_head/num_fg_samples": 34.75, "rpn/num_neg_anchors": 203.71875, "rpn/num_pos_anchors": 52.28125, "time": 1.2231936175376177, "total_loss": 1.9597120052203536}
{"data_time": 0.4494125326164067, "eta_seconds": 38986.25515352469, "fast_rcnn/cls_accuracy": 0.92681884765625, "fast_rcnn/false_negative": 1.0, "fast_rcnn/fg_cls_accuracy": 0.0, "iteration": 139, "loss_box_reg": 0.1758239045739174, "loss_cls_ce": 0.41693225502967834, "loss_cls_ic": 0.7554322481155396, "loss_cls_up": 0.02634560503065586, "loss_rpn_cls": 0.317942351102829, "loss_rpn_loc": 0.283474862575531, "lr": 0.027872200000000003, "roi_head/num_bg_samples": 478.125, "roi_head/num_fg_samples": 33.875, "rpn/num_neg_anchors": 204.6875, "rpn/num_pos_anchors": 51.3125, "time": 1.2301494437269866, "total_loss": 2.1542998012155294}
{"data_time": 0.44234034162946045, "eta_seconds": 39028.34732081741, "fast_rcnn/cls_accuracy": 0.957275390625, "fast_rcnn/false_negative": 1.0, "fast_rcnn/fg_cls_accuracy": 0.0, "iteration": 159, "loss_box_reg": 0.14399874955415726, "loss_cls_ce": 0.47713054716587067, "loss_cls_ic": 0.7528944611549377, "loss_cls_up": 0.006283532595261931, "loss_rpn_cls": 0.5846944451332092, "loss_rpn_loc": 0.3324109613895416, "lr": 0.031868200000000006, "roi_head/num_bg_samples": 490.125, "roi_head/num_fg_samples": 21.875, "rpn/num_neg_anchors": 206.84375, "rpn/num_pos_anchors": 49.15625, "time": 1.2513886133674532, "total_loss": 2.6117409839898755}
{"data_time": 0.44496152899228036, "eta_seconds": 39036.467829972506, "fast_rcnn/cls_accuracy": 0.958740234375, "fast_rcnn/false_negative": 1.0, "fast_rcnn/fg_cls_accuracy": 0.0, "iteration": 161, "roi_head/num_bg_samples": 491.46875, "roi_head/num_fg_samples": 20.53125, "rpn/num_neg_anchors": 206.84375, "rpn/num_pos_anchors": 49.15625}
{"iteration": 160, "loss_box_reg": 0.15518605709075928, "loss_cls_ce": 0.4356824457645416, "loss_cls_ic": 0.7528944611549377, "loss_cls_up": 0.008719201665371656, "loss_rpn_cls": 0.59064120054245, "loss_rpn_loc": 0.36456021666526794, "lr": 0.032068000000000006, "time": 1.2567385144066066, "total_loss": 2.85333459143294}
