{"lr": 0.00010721442885771539, "data_time": 0.04633635997772217, "loss": NaN, "loss_rpn_cls": NaN, "loss_rpn_bbox": NaN, "loss_cls": NaN, "acc": 5.55555534362793, "loss_bbox": NaN, "time": 0.5044333362579345, "epoch": 1, "iter": 50, "memory": 9382, "step": 50}
{"lr": 0.00020641282565130232, "data_time": 0.011027631759643554, "loss": NaN, "loss_rpn_cls": NaN, "loss_rpn_bbox": NaN, "loss_cls": NaN, "acc": 0.6578947305679321, "loss_bbox": NaN, "time": 0.4191484022140503, "epoch": 1, "iter": 100, "memory": 8066, "step": 100}
{"lr": 0.0003056112224448891, "data_time": 0.007319045066833496, "loss": NaN, "loss_rpn_cls": NaN, "loss_rpn_bbox": NaN, "loss_cls": NaN, "acc": 0.0, "loss_bbox": NaN, "time": 0.41319732666015624, "epoch": 1, "iter": 150, "memory": 7897, "step": 150}
{"lr": 0.0004048096192384757, "data_time": 0.007948594093322754, "loss": NaN, "loss_rpn_cls": NaN, "loss_rpn_bbox": NaN, "loss_cls": NaN, "acc": 15.384614944458008, "loss_bbox": NaN, "time": 0.41025772571563723, "epoch": 1, "iter": 200, "memory": 8785, "step": 200}
{"lr": 0.0005040080160320624, "data_time": 0.03128264427185059, "loss": NaN, "loss_rpn_cls": NaN, "loss_rpn_bbox": NaN, "loss_cls": NaN, "acc": 10.0, "loss_bbox": NaN, "time": 0.4417596006393433, "epoch": 1, "iter": 250, "memory": 7235, "step": 250}
