{"data_time": 0.004265939079030425, "time": 0.09993496951794544}