{"lr": 0.00010721442885771539, "data_time": 0.03239473819732666, "loss": NaN, "loss_rpn_cls": NaN, "loss_rpn_bbox": NaN, "loss_cls": NaN, "acc": 0.0, "loss_bbox": NaN, "time": 0.4884525394439697, "epoch": 1, "iter": 50, "memory": 7647, "step": 50}
