{"coco/bbox_mAP": -1.0, "coco/bbox_mAP_50": -1.0, "coco/bbox_mAP_75": -1.0, "coco/bbox_mAP_s": -1.0, "coco/bbox_mAP_m": -1.0, "coco/bbox_mAP_l": -1.0, "data_time": 0.004578652369132016, "time": 0.12320888494725572}